{"recons": 0.43525341153144836, "kl": 13.526637077331543, "latent": 1.083362340927124, "contrastive": 2.190117835998535, "dtw": 0.23253464698791504, "loss": 0.6544113159179688, "_timestamp": 1715053227.6490388, "_runtime": 340.2292957305908, "_step": 1381, "train_contrastive": 2.190117835998535, "train_dtw": 0.23253464698791504, "train_kl": 13.526637077331543, "train_latent": 1.083362340927124, "train_loss": 0.6544113159179688, "train_recons": 0.43525341153144836, "val_contrastive": 2.285806655883789, "val_dtw": 0.14192652702331543, "val_kl": 11.615399360656738, "val_latent": 1.072975754737854, "val_loss": 0.6723836064338684, "val_recons": 0.44367605447769165, "_wandb": {"runtime": 344}}