{"recons": 0.3541167378425598, "kl": 5.9399590492248535, "latent": 1.179384469985962, "contrastive": 3.0831291675567627, "dtw": 0.86716628074646, "loss": 0.6625008583068848, "_timestamp": 1715053818.7863805, "_runtime": 207.7693474292755, "_step": 347, "train_contrastive": 3.0831291675567627, "train_dtw": 0.86716628074646, "train_kl": 5.9399590492248535, "train_latent": 1.179384469985962, "train_loss": 0.6625008583068848, "train_recons": 0.3541167378425598, "_wandb": {"runtime": 281}}