{"recons": 0.43525341153144836, "kl": 13.526637077331543, "latent": 1.083362340927124, "contrastive": 2.190117835998535, "dtw": 0.23253464698791504, "loss": 0.6544113159179688, "_timestamp": 1715041850.5634904, "_runtime": 183.4402174949646, "_step": 1400, "train_contrastive": 2.190117835998535, "train_dtw": 0.23253464698791504, "train_kl": 13.526637077331543, "train_latent": 1.083362340927124, "train_loss": 0.6544113159179688, "train_recons": 0.43525341153144836, "val_contrastive": 2.0230050086975098, "val_dtw": 0.13531392812728882, "val_kl": 10.630950927734375, "val_latent": 1.078747034072876, "val_loss": 0.6708958745002747, "val_recons": 0.468478262424469}