train_contrastive_step,train_dtw_step,train_kl_step,train_latent_step,train_loss_step,train_recons_step,epoch,step
3.5672922134399414,1.166804552078247,6.710931301116943,1.1917979717254639,0.7487966418266296,0.3919883668422699,0,49
3.290130615234375,0.687373697757721,6.807703018188477,1.2288188934326172,0.7896208763122559,0.4605274796485901,0,99
3.2887070178985596,0.7686376571655273,6.383028030395508,1.2156972885131836,0.8620288372039795,0.533082127571106,0,149
