{"recons": 0.43525341153144836, "kl": 13.526637077331543, "latent": 1.083362340927124, "contrastive": 2.190117835998535, "dtw": 0.23253464698791504, "loss": 0.6544113159179688, "_timestamp": 1715042268.1016521, "_runtime": 186.76089715957642, "_step": 1414, "train_contrastive": 2.190117835998535, "train_dtw": 0.23253464698791504, "train_kl": 13.526637077331543, "train_latent": 1.083362340927124, "train_loss": 0.6544113159179688, "train_recons": 0.43525341153144836, "val_contrastive": 1.666534423828125, "val_dtw": 0.3353106379508972, "val_kl": 9.834245681762695, "val_latent": 1.024947166442871, "val_loss": 0.5743333697319031, "val_recons": 0.40757131576538086}